<?xml version="1.0" encoding="UTF-8" standalone="yes"?>
<addon id="plugin.program.ophiwizard" name="ophiwizard" version="1.0" provider-name="www.stva.ml">
  <requires>
    <import addon="xbmc.python" version="2.1.0"/>
  </requires>
  <extension point="xbmc.python.pluginsource" library="default.py">
        <provides>executable</provides>
  </extension>
  <extension point="xbmc.addon.metadata">
    <summary lang="en">ophiwizard</summary>
    <description lang="en">Addon instalador para MiBuild
</description>
    <platform>all</platform>
  </extension>
</addon>
