<?xml version="1.0" encoding="UTF-8" standalone="yes"?>
<addon id="plugin.program.ophiwizard" name="ophiwizard" version="2.0" provider-name="www.stva.ml">
  <requires>
    <import addon="xbmc.python" version="2.1.0"/>
  </requires>
  <extension point="xbmc.python.pluginsource" library="default.py">
        <provides>executable</provides>
  </extension>
    <extension point="xbmc.service" library="startup.py" start="startup" />
  <extension point="xbmc.addon.metadata">
    <summary lang="en">ophiwizard</summary>
    <description lang="en">Build para Kodi 17 y 18
</description>
    <platform>all</platform>
  </extension>
</addon>
