<?xml version="1.0" encoding="UTF-8" standalone="yes"?>
<addon id="plugin.video.OphicusEvolution"
       name="[COLOR red]Ophicus[COLOR blue]***[COLOR lime]Evolution[/COLOR]"
       version="1.2.3"
       provider-name="OphicusLegion">
  <requires>
    <import addon="xbmc.python" version="2.1.0"/>
    <import addon="script.module.beautifulsoup" version="3.2.1"/>
    <import addon="script.module.simple.downloader" version="0.9.4"/>
    <import addon="script.module.beautifulsoup4" />
    <import addon="script.module.requests" />
    <import addon="script.module.httplib2" />
    <import addon="script.module.liveresolver" version="0.1.24" optional="true"/>
    <import addon="script.module.youtube.dl" optional="true"/>
    <import addon="plugin.video.youtube" optional="true" />
    <import addon="script.module.urlresolver" optional="true"/>
    <import addon="script.module.simplejson" />    
     <import addon="script.module.livestreamer" optional="true"/>
     <import addon="script.module.pyamf" optional="true"/>
  </requires>
  <extension point="xbmc.python.pluginsource" library="default.py">
    <provides>video</provides>
  </extension>


  <extension point="xbmc.addon.metadata">
    <summary>OphicusEvolution ADD_ON</summary>
    <description> Addon creato per Passione! </description>
    <news> -THIRD upgrade dell Addon! v1.2.3
</news>
   <platform>all</platform>
  <license>Attribuzione - Non commerciale </license>
	<website></website>
	<email></email>
	<disclaimer>
This addon contains links to third-party streaming content not affiliated and / or associated in any way with OphicusEvolution</disclaimer>
	<language>it</language>
  </extension>
</addon>