<?xml version="1.0" encoding="UTF-8" standalone="yes"?>
<addon id="script.module.ophievolsearch" 
name="search" 
version="1.0.0" 
provider-name="ophicus">

	<requires>
		<import addon="xbmc.python" version="2.1.0" />
		<import addon="plugin.video.youtube" version="5.2.1" optional="true" />
		<import addon="script.module.pyxbmct" version="1.1.4" />
		<import addon="script.module.urlresolver" version="3.0.0"/>
		<import addon="script.module.liveresolver" version="0.1.24"/>
		<import addon="script.video.F4mProxy" version="2.2.3"/>
	</requires>
	<extension point="xbmc.python.pluginsource" library="default.py">
		<provides>all</provides>
	</extension>
	<extension point="xbmc.addon.metadata">
			<summary lang="en"></summary>
		<description lang="en"></description>
		<platform>all</platform>
		<forum>https://t.me/joinchat/Dhe00hWn6KOxXIQ_CtY1oQ</forum>
		<website>https://t.me/joinchat/Dhe00hWn6KOxXIQ_CtY1oQ</website>
		<assets>
			<icon>icon.png</icon>
			<fanart>fanart.jpg</fanart>
			
		</assets>
		<news>Version 1.0.0
-[COLOR red][B](NEW)[/B][/COLOR] Realese
 </news>
    <license>Attribuzione - Non commerciale - Non opere derivate Internazionale</license>
	<disclaimer>Modulo ricerca By ophicus evolution addon For livestrem base</disclaimer>
	<language>it</language>
	</extension>
</addon>
